0,0,6.3373,6.3373,38.578,38.578,57.907,57.907,73.654,73.654,97.942,97.942,101.48,101.48,103.96,103.96,108.7,108.7,115.87,115.87,117.52,117.52,153.79,153.79,174.08,174.08,174.98,174.98,187.26,187.26,190.26,190.26,206.23,206.23,220.96,220.96,221.06,221.06,227.57,227.57,282.8,282.8,302.21,302.21,309.68,309.68,313.61,313.61,376.96,376.96,468.64,468.64,469.29,469.29,495.8,495.8,500.78,500.78,564.7,564.7,570.65,570.65,578.91,578.91,588.09,588.09,590.93,590.93,597.95,597.95,655.9,655.9,666,666,693.35,693.35,735.99,735.99,759.32,759.32,785.31,785.31,787.25,787.25,824.14,824.14,885.38,885.38,886.02,886.02,895.76,895.76,901.52,901.52,923.5,923.5,947.51,947.51,952.96,952.96,1035.9,1035.9,1039,1039,1045.8,1045.8,1062.4,1062.4,1098.4,1098.4,1103.6,1103.6,1124.3,1124.3,1153.1,1153.1,1208.7,1208.7,1211.2,1211.2,1263.1,1263.1,1293.6,1293.6,1307.1,1307.1,1323.2,1323.2,1324.1,1324.1,1334.1,1334.1,1356.9,1356.9,1361.6,1361.6,1371.7,1371.7,1382.2,1382.2,1399.1,1399.1,1406.5,1406.5,1412.7,1412.7,1453.2,1453.2,1477.9,1477.9,1491.8,1491.8,1526.1,1526.1,1535.2,1535.2,1555.5,1555.5,1565.9,1565.9,1570.5,1570.5,1595.8,1595.8,1603.9,1603.9,1616,1616,1664,1664,1691.5,1691.5,1728.1,1728.1,1744.6,1744.6,1827.1,1827.1,1853.5,1853.5,1875.7,1875.7,1885.4,1885.4,1936.5,1936.5,1948.7,1948.7,1963,1963,1982.5,1982.5,1997.8,1997.8,2021.2,2021.2,2025.8,2025.8,2028.4,2028.4,2056.9,2056.9,2077.7,2077.7,2111,2111,2115.3,2115.3,2150.6,2150.6,2153.5,2153.5,2198.7,2198.7,2214.5,2214.5,2224.8,2224.8,2280.5,2280.5,2321.3,2321.3,2324.2,2324.2,2325.1,2325.1,2328.6,2328.6,2332,2332,2336.2,2336.2,2349.9,2349.9,2362.5,2362.5,2394.5,2394.5,2514.3,2514.3,2547.3,2547.3,2552.8,2552.8,2589.4,2589.4,2641.2,2641.2,2651.6,2651.6,2658.8,2658.8,2681.7,2681.7,2781,2781,2803.8,2803.8,2809.3,2809.3,2812.4,2812.4,2848.4,2848.4,2850.7,2850.7,2866.1,2866.1,2877.9,2877.9,2890.2,2890.2,2935.6,2935.6,2936.7,2936.7,2943.9,2943.9,3002.4,3002.4,3051.4,3051.4,3064.7,3064.7,3087.2,3087.2,3094.6,3094.6,3125.3,3125.3,3170.1,3170.1,3180.8,3180.8,3184.3,3184.3,3263.3,3263.3,3279.2,3279.2,3331.4,3331.4,3334.6,3334.6,3359.8,3359.8,3362.7,3362.7,3395.1,3395.1,3397.8,3397.8,3407.9,3407.9,3408.4,3408.4,3417.3,3417.3,3460.9,3460.9,3475.4,3475.4,3475.6,3475.6,3494.3,3494.3,3530.5,3530.5,3558.9,3558.9,3578.1,3578.1,3595,3595,3601.5,3601.5,3621.6,3621.6,3629.4,3629.4,3658.6,3658.6,3758.8,3758.8,3770.5,3770.5,3776.1,3776.1,3810.8,3810.8,3824.6,3824.6,3842.3,3842.3,3847.4,3847.4,3856.4,3856.4,3919,3919,3942,3942,3984.1,3984.1,4035.9,4035.9,4101,4101,4107.7,4107.7,4129.3,4129.3,4137.9,4137.9,4178,4178,4211.8,4211.8,4239.7,4239.7,4259.2,4259.2,4263.3,4263.3,4309.7,4309.7,4321.9,4321.9,4332.2,4332.2,4335,4335,4437.9,4437.9,4446.5,4446.5,4456.2,4456.2,4475.9,4475.9,4487,4487,4487.4,4487.4,4531.2,4531.2,4549.9,4549.9,4563.1,4563.1,4563.1,4563.1,4581.9,4581.9,4606.4,4606.4,4636.8,4636.8,4638.9,4638.9,4644.3,4644.3,4648.5,4648.5,4686.1,4686.1,4700.1,4700.1,4733.4,4733.4,4742.9,4742.9,4745.5,4745.5,4753.4,4753.4,4754.9,4754.9,4768.5,4768.5,4786,4786,4786.8,4786.8,4810.2,4810.2,4816.2,4816.2,4903.4,4903.4,4915.1,4915.1,4916.1,4916.1,4920.7,4920.7,4922.9,4922.9,4994,4994,5016.6,5016.6
934.9,79.463,939.64,76.601,963.76,62.038,978.22,53.308,990,46.195,971.83,35.225,969.19,33.628,967.33,32.507,963.79,30.367,958.42,27.129,957.18,26.38,930.05,10,914.87,19.167,914.2,19.573,905.01,25.117,902.77,26.473,890.82,33.687,879.8,40.342,879.73,40.383,874.86,43.325,813.54,82.024,791.99,95.626,783.7,100.86,786.88,100.91,838.12,101.68,912.29,102.79,912.81,102.8,934.26,103.12,938.28,103.18,990,103.96,985.19,104.03,978.51,104.13,971.08,104.25,968.79,104.28,963.11,104.37,916.23,105.07,908.06,105.19,885.93,105.53,877.79,160.22,873.34,190.13,868.38,223.47,868.01,225.96,860.97,273.27,849.29,351.82,849.17,352.64,847.31,365.14,846.21,372.52,842.01,400.71,823.42,413.6,819.19,416.53,754.99,461.03,752.53,462.74,747.31,466.36,734.41,475.3,706.55,494.61,702.51,497.41,686.49,508.51,664.18,523.98,621.14,553.81,619.23,555.14,579.02,583.01,555.4,599.38,544.9,606.66,532.5,615.26,531.79,615.75,524.02,621.14,506.33,633.4,502.72,635.9,494.93,641.3,486.8,646.94,473.67,656.04,467.97,659.99,463.14,663.34,431.79,685.07,412.65,698.33,401.88,705.8,375.34,724.19,368.27,729.09,352.56,739.98,344.48,745.59,340.92,748.05,321.38,761.6,315.1,765.95,305.69,772.47,268.56,798.22,247.28,812.96,218.92,832.62,206.09,841.51,142.2,885.8,121.81,899.93,104.56,911.89,97.092,917.07,57.495,944.52,48.057,951.06,36.957,958.75,21.853,969.22,10,977.44,28.124,990,31.634,987.57,33.688,986.14,55.738,970.86,71.846,959.69,97.608,941.84,100.99,939.49,128.34,920.54,130.58,918.98,165.55,894.74,177.78,886.26,185.78,880.72,228.89,850.84,260.5,828.92,262.76,827.36,263.45,826.88,266.15,825.01,268.77,823.19,272.04,820.93,282.62,813.59,292.43,806.79,317.23,789.6,409.99,725.31,435.51,707.62,439.75,704.67,468.17,684.97,508.24,657.2,516.3,651.61,521.91,647.72,539.64,635.43,616.5,582.15,634.18,569.9,638.44,566.95,640.82,565.3,668.69,545.98,670.49,544.73,682.39,536.48,691.56,530.13,701.08,523.53,736.27,499.14,737.09,498.57,742.67,494.7,787.95,463.32,825.91,437,836.23,429.85,853.65,417.77,859.39,413.79,883.17,397.31,917.84,373.28,926.13,367.53,928.85,365.65,990,323.26,977.68,314.72,937.19,286.66,934.75,284.96,915.2,271.41,913.01,269.9,887.91,252.5,885.79,251.03,877.95,245.59,877.57,245.33,870.7,240.56,836.9,217.14,825.67,209.35,825.58,209.29,811.03,199.21,783.03,179.8,761.02,164.54,746.17,154.25,733.08,145.17,728.05,141.68,712.49,130.9,706.42,126.69,683.86,111.05,606.26,57.262,597.15,50.948,591.11,45.245,553.78,10,539.02,23.934,520,41.897,516.7,44.306,511,48.477,471.22,77.581,456.58,88.295,429.85,107.85,396.91,131.95,355.53,162.22,351.26,165.35,337.56,175.37,332.06,179.4,306.55,198.06,285.07,213.77,267.37,226.72,288.15,213.05,292.48,210.19,341.64,177.83,354.67,169.25,365.56,162.09,368.53,160.13,477.69,88.263,486.81,82.259,497.15,75.455,518.01,61.725,529.81,53.954,530.25,53.661,576.69,23.09,596.58,10,610.54,19.192,610.61,19.237,630.46,32.304,656.52,49.464,688.76,70.689,690.97,72.139,696.68,75.9,701.13,78.832,741.07,105.13,755.89,114.88,791.21,138.14,801.37,144.82,804.05,146.59,812.48,152.14,814.09,153.2,828.51,162.69,847.09,174.92,847.93,175.47,872.7,191.78,879.15,196.03,971.63,256.91,984.08,265.11,985.09,265.77,990,269,987.62,270.57,912.27,320.17,888.25,335.99
341.98,145.4,347.23,141.52,373.94,121.77,389.96,109.93,403.01,100.29,423.13,85.409,426.06,83.243,428.12,81.724,432.04,78.822,437.98,74.43,439.36,73.415,469.4,51.202,486.22,38.771,486.96,38.221,497.13,30.702,499.62,28.863,512.86,19.081,525.06,10.056,525.14,10,530.54,13.989,576.3,47.819,588.38,59.969,593.03,64.644,595.47,67.104,634.9,106.75,691.96,164.13,692.37,164.54,708.86,181.12,711.96,184.24,751.75,224.25,755.45,227.97,760.59,233.14,766.3,238.89,768.07,240.66,772.44,245.06,808.51,281.32,814.79,287.65,831.82,304.76,858.36,331.45,872.87,346.05,889.05,362.32,890.26,363.53,913.21,386.62,951.33,424.94,951.73,425.34,957.79,431.44,961.37,435.05,975.05,448.8,990,463.83,986.61,467.24,935.01,519.12,933.03,521.12,928.84,525.34,918.47,535.76,896.08,558.27,892.84,561.54,879.96,574.48,862.03,592.51,867.11,505.72,867.34,501.86,872.08,420.76,874.87,373.14,876.11,351.96,877.58,326.95,877.66,325.52,878.58,309.84,880.67,274.17,881.09,266.89,882.01,251.18,882.97,234.78,884.52,208.3,885.2,196.8,885.77,187.06,889.47,123.84,891.73,85.238,893,63.51,896.13,10,896.97,24.261,898.82,55.947,899.77,72.247,900.19,79.424,902.5,118.84,903.24,131.5,904.35,150.48,908.74,225.37,911.25,268.28,914.6,325.48,916.11,351.34,923.66,480.2,926.06,521.32,928.1,556.11,928.98,571.17,933.66,651.03,934.77,670.07,936.08,692.45,937.86,722.91,939.26,746.82,941.4,783.37,941.82,790.45,942.06,794.59,944.66,839.06,946.56,871.55,949.61,923.5,950.01,930.33,953.23,985.48,953.5,990,957.63,919.48,959.07,894.81,960.02,878.67,965.1,791.74,968.84,727.98,969.1,723.43,969.19,722.02,969.5,716.58,969.81,711.3,970.2,704.71,971.45,683.37,972.61,663.58,975.53,613.57,986.49,426.5,989.5,375.03,990,366.47,986.64,309.15,981.91,228.34,980.96,212.09,980.3,200.77,978.21,165.01,969.13,10,967.05,45.64,966.54,54.244,966.26,59.033,962.97,115.25,962.76,118.88,961.35,142.88,960.27,161.37,959.15,180.57,954.99,251.53,954.9,253.2,954.24,264.44,948.89,355.76,944.41,432.33,943.19,453.14,941.13,488.27,940.46,499.85,937.65,547.81,933.56,617.73,932.58,634.44,932.26,639.92,925.04,763.26,923.58,788.09,918.8,869.75,918.51,874.68,916.21,914.12,915.95,918.52,912.99,969.14,912.73,973.41,911.81,989.23,911.76,990,910.95,976.14,906.96,907.98,905.64,885.34,905.63,885.15,903.91,855.81,900.6,799.34,898,754.95,896.25,725,894.7,698.59,894.11,688.45,892.27,657.06,891.56,644.83,888.89,599.33,879.73,442.82,878.66,424.45,878.14,415.68,874.97,361.48,873.72,340.05,872.1,312.42,871.63,304.33,870.81,290.32,865.08,192.58,862.98,156.6,859.13,90.933,854.4,10,848.44,111.68,847.83,122.17,845.86,155.84,845.07,169.36,841.4,232.04,838.31,284.8,835.76,328.29,833.97,358.87,833.6,365.25,829.36,437.61,828.24,456.79,827.3,472.81,827.05,477.2,847.77,658.57,849.5,673.73,851.46,690.9,855.42,725.55,857.66,745.17,857.75,745.9,866.57,823.06,870.34,856.1,872.99,879.3,873,879.33,876.04,887.51,880.02,898.25,884.96,911.54,885.29,912.45,886.17,914.8,886.85,916.64,892.96,933.1,895.22,939.2,900.62,953.76,902.18,957.94,902.59,959.05,903.88,962.53,904.12,963.19,906.33,969.13,909.17,976.79,909.3,977.13,913.09,987.34,914.07,990,928.22,951.89,930.12,946.75,930.28,946.34,931.03,944.32,931.39,943.34,942.92,912.28,946.59,902.38
782.8,502.76,787.14,505.54,809.25,519.69,822.5,528.17,833.3,535.08,849.95,545.73,852.37,547.28,854.08,548.37,857.32,550.45,862.24,553.6,863.38,554.32,888.24,570.23,902.15,579.14,902.77,579.53,911.19,584.92,913.24,586.23,924.19,593.24,934.29,599.71,934.36,599.75,938.82,602.6,976.69,626.84,990,635.35,984.88,638.63,982.18,640.35,938.75,668.15,875.9,708.37,875.45,708.66,857.28,720.29,853.86,722.47,810.03,750.52,805.96,753.13,800.3,756.75,794,760.78,792.05,762.02,787.24,765.1,747.51,790.53,740.58,794.96,721.83,806.96,692.59,825.67,676.6,835.9,658.78,847.31,659.82,850.06,679.58,902.32,712.39,989.09,712.73,990,717.95,976.19,721.04,968.04,732.81,936.89,745.68,902.87,748.6,895.14,793.01,777.68,794.71,773.17,798.32,763.62,807.24,740.03,826.52,689.05,829.31,681.66,840.39,652.35,855.83,611.53,845.93,654.36,845.49,656.27,836.24,696.29,830.81,719.79,828.4,730.25,825.54,742.59,825.38,743.29,823.59,751.03,819.53,768.64,818.7,772.23,816.9,779.98,815.03,788.08,812.01,801.14,810.7,806.82,809.59,811.63,802.38,842.83,797.98,861.88,795.5,872.6,789.4,899.01,787.78,906.05,784.16,921.68,782.31,929.73,781.49,933.27,776.99,952.72,775.55,958.97,770,940.39,748.08,867.11,735.53,825.12,718.79,769.16,711.23,743.85,673.53,617.76,661.5,577.53,651.32,543.49,646.91,528.75,623.55,450.61,617.98,431.99,611.43,410.08,602.52,380.28,595.52,356.89,584.83,321.12,582.76,314.19,581.54,310.14,568.53,266.63,559.03,234.84,543.83,184,541.83,177.32,525.7,123.36,524.37,118.93,503.74,49.933,496.52,25.788,491.8,10,466.37,95.06,447.71,157.45,446.38,161.9,445.97,163.28,444.38,168.6,442.83,173.77,440.9,180.22,434.66,201.1,428.87,220.46,414.24,269.39,359.51,452.44,344.45,502.8,341.94,511.18,325.17,567.27,301.53,646.34,296.78,662.24,293.47,673.31,283,708.31,237.65,859.98,227.22,894.86,224.71,903.27,223.3,907.96,206.86,962.97,205.79,966.52,198.77,990,193.36,971.9,187.75,953.12,166.98,883.68,166.5,882.05,163.21,871.05,136.49,781.69,114.09,706.78,108,686.41,97.72,652.03,94.333,640.71,80.3,593.77,59.844,525.36,54.954,509.01,53.351,503.65,17.267,382.97,10,358.66,33.891,278.76,35.332,273.94,46.871,235.35,48.16,231.04,62.969,181.51,64.22,177.33,68.847,161.85,69.073,161.1,73.128,147.54,93.07,80.841,99.694,58.688,99.772,58.746,112.22,67.948,136.19,85.655,155.02,99.572,167.73,108.96,178.93,117.25,183.24,120.42,196.55,130.27,201.74,134.1,221.05,148.37,287.46,197.44,295.25,203.2,298.97,205.95,321.97,222.95,331.06,229.67,342.79,238.33,346.22,240.87,352.16,245.26,393.63,275.91,408.9,287.19,436.77,307.78,471.11,333.16,514.25,365.04,518.7,368.33,532.99,378.89,538.72,383.12,565.32,402.78,587.71,419.32,606.16,432.96,619.13,442.55,621.84,444.55,652.54,467.24,660.68,473.25,667.48,478.27,669.34,479.65,737.52,530.03,743.21,534.24,749.67,539.01,717.99,541.38,700.06,542.71,699.38,542.76,628.84,548.03,598.64,550.28,577.43,551.87,577.32,551.88,547.17,554.13,507.58,557.08,458.6,560.74,455.26,560.99,446.58,561.64,439.81,562.14,379.14,566.67,356.63,568.35,302.97,572.36,287.55,573.51,283.47,573.81,270.67,574.77,268.22,574.95,246.31,576.59,218.1,578.69,216.82,578.79,179.19,581.6,169.4,582.33,28.918,592.81,10,594.23,11.539,594.34,18.99,594.9,22.599,595.17,137.06,603.71,173.56,606.44
464.48,55.152,470.63,52.23,501.9,37.367,520.65,28.456,535.92,21.197,559.48,10,562.91,11.63,565.32,12.774,569.91,14.958,576.87,18.263,578.48,19.027,613.65,35.746,633.34,45.102,634.21,45.516,646.12,51.175,649.03,52.559,664.52,59.922,678.81,66.714,678.9,66.756,685.22,69.759,738.79,95.221,757.62,104.17,764.87,107.61,761.14,112.13,701.01,184.95,614,290.34,613.38,291.09,588.22,321.56,583.5,327.28,522.82,400.77,517.17,407.6,509.34,417.1,500.62,427.65,497.93,430.91,491.26,438.98,436.26,505.6,426.67,517.21,427.4,535.29,428.52,563.48,429.14,578.89,429.83,596.07,429.88,597.36,430.85,621.74,432.47,662.21,432.49,662.64,432.75,669.08,432.9,672.88,433.48,687.41,434.11,703.28,434.26,706.89,436.45,761.68,436.53,763.78,436.71,768.24,437.15,779.25,438.1,803.03,438.24,806.47,438.79,820.15,439.55,839.19,441.02,875.92,441.08,877.56,413.02,892.32,396.55,900.99,389.22,904.85,380.56,909.4,380.07,909.66,374.64,912.52,362.3,919.01,359.78,920.34,370.99,914.99,382.68,909.42,398.12,890.98,404.83,882.97,410.51,876.18,447.37,832.15,469.88,805.27,482.54,790.14,514.94,789.92,523.58,789.86,542.76,789.73,552.63,789.66,556.98,789.63,580.85,789.47,588.51,789.42,600,789.34,645.35,789.03,671.33,788.86,705.96,788.62,721.62,788.52,799.64,787.99,824.54,787.82,845.61,787.68,854.72,787.62,903.08,787.29,914.6,787.21,928.16,787.12,946.6,786.99,961.07,786.9,983.21,786.75,987.49,786.72,990,786.7,963.07,786.52,943.41,786.38,911.95,786.17,907.81,786.14,874.42,785.92,871.68,785.9,828.99,785.61,814.05,785.51,804.28,785.44,751.64,785.08,713.03,784.82,710.28,784.8,709.43,784.8,706.13,784.78,702.93,784.75,698.94,784.73,686.02,784.64,674.04,784.56,643.77,784.35,530.5,783.59,499.33,783.37,494.15,783.34,459.44,783.1,410.51,782.77,400.68,782.71,393.82,782.66,372.17,782.51,278.31,781.88,256.73,781.73,251.52,781.69,248.62,781.67,214.59,781.44,212.39,781.43,197.86,781.33,186.66,781.25,175.04,781.18,132.07,780.88,131.06,780.88,124.25,780.83,68.958,780.46,22.601,780.14,10,780.06,31.274,779.91,38.284,779.87,67.325,779.67,109.66,779.38,119.78,779.31,123.09,779.29,197.77,778.79,212.81,778.68,262.25,778.35,265.23,778.33,289.12,778.17,291.78,778.15,322.43,777.94,325.02,777.92,334.59,777.86,335.06,777.85,343.45,777.8,384.72,777.52,398.43,777.43,398.54,777.42,416.31,777.3,450.5,777.07,477.38,776.89,495.51,776.77,511.51,776.66,517.65,776.62,536.65,776.49,544.05,776.44,571.61,776.25,666.37,775.61,677.49,775.53,682.8,775.5,715.62,775.28,728.59,775.19,745.32,775.07,750.22,775.04,758.7,774.98,817.88,774.58,839.67,774.44,879.43,774.17,928.43,773.83,990,773.42,983.65,773.37,963.26,773.24,955.08,773.18,917.13,772.92,885.18,772.71,858.85,772.53,840.33,772.4,836.47,772.38,792.66,772.08,781.05,772,771.34,771.93,768.69,771.92,671.4,771.26,663.27,771.2,654.06,771.14,635.47,771.01,632.67,770.02,632.57,769.98,621.55,766.07,616.84,764.39,613.53,763.22,613.51,763.21,608.8,761.54,602.62,759.34,594.97,756.62,594.45,756.44,593.09,755.96,592.04,755.58,582.57,752.22,579.05,750.97,570.67,747.99,568.27,747.13,567.63,746.91,565.63,746.2,565.25,746.06,561.83,744.85,557.42,743.28,557.22,743.21,551.9,725.03,550.51,720.3,530.63,652.42,527.95,643.28,527.74,642.54,526.68,638.94,526.17,637.19,509.97,581.89,504.81,564.26
68.176,792.94,64.63,800.11,46.587,836.61,35.771,858.49,26.959,876.31,13.367,903.81,11.388,907.81,10,910.62,12.651,915.98,16.663,924.1,17.591,925.97,37.885,967.03,49.243,990,49.745,988.98,56.614,975.09,58.294,971.69,67.232,953.61,75.477,936.93,75.528,936.83,79.173,929.46,110.08,866.94,120.94,844.96,125.12,836.5,127.32,832.06,162.77,760.35,214.08,656.57,214.44,655.83,229.27,625.83,232.06,620.19,267.84,547.82,271.16,541.09,275.78,531.75,280.92,521.35,282.51,518.14,286.44,510.19,318.87,444.59,313.98,447.77,300.73,456.36,280.07,469.75,268.78,477.07,256.19,485.23,255.25,485.84,237.38,497.43,207.72,516.66,207.41,516.86,202.69,519.92,199.9,521.73,189.25,528.63,177.62,536.17,174.98,537.88,134.83,563.91,133.29,564.91,130.02,567.03,121.96,572.26,104.53,583.56,102.01,585.19,91.988,591.69,78.032,600.74,51.114,618.19,49.918,618.96,24.768,635.27,10,644.85,16.569,649.1,24.325,654.13,24.767,654.42,29.63,657.57,40.693,664.74,42.95,666.21,47.822,669.37,52.907,672.66,61.119,677.99,64.686,680.3,67.706,682.26,87.311,694.97,99.283,702.73,106.02,707.1,122.61,717.86,127.04,720.72,136.86,727.1,141.92,730.37,144.14,731.82,156.37,739.74,160.29,742.29,166.18,746.1,189.4,761.16,202.71,769.79,220.45,781.29,228.47,786.49,268.43,812.4,281.18,820.66,291.97,827.66,296.64,830.69,321.41,846.74,327.31,850.57,334.25,855.07,343.7,861.19,351.11,866,362.45,873.35,364.64,874.77,365.93,875.61,379.72,884.55,389.79,891.08,405.91,901.53,408.02,902.9,425.12,913.99,426.53,914.89,448.4,929.07,456.05,934.03,461.05,937.28,488.01,954.76,507.79,967.58,509.2,968.49,509.74,967.91,511.86,965.67,513.92,963.5,516.49,960.79,524.79,952.01,532.5,943.87,551.97,923.29,624.82,846.32,644.86,825.14,638.69,818.7,597.39,775.6,539.15,714.82,527.44,702.6,519.28,694.08,493.51,667.18,381.81,550.6,356.12,523.79,349.92,517.32,344.52,514.72,281.15,484.22,277.05,482.25,250,469.23,229.15,459.19,207.51,448.78,127.51,410.27,125.63,409.37,112.96,403.27,10,353.72,96.313,312.17,119.78,300.88,159.39,281.82,172.44,275.54,226.51,249.51,305.33,211.57,324.17,202.51,330.35,199.53,469.39,132.61,497.39,119.14,589.45,74.828,595,72.157,639.47,50.756,644.43,48.367,701.5,20.902,706.32,18.581,724.15,10,725.01,10.418,740.64,17.938,817.48,54.923,843.01,67.207,843.21,67.307,876.3,83.231,939.96,113.87,990,137.95,956.23,154.21,926.46,168.54,915.03,174.04,915.07,192.55,915.09,199.76,915.15,226.59,915.36,318.88,915.39,329.72,915.4,334.89,915.47,366.85,915.5,379.49,915.54,395.78,915.55,400.55,915.57,408.81,915.71,466.45,915.76,487.67,915.85,526.39,915.96,574.12,916.1,634.08,916.11,640.27,916.16,660.12,916.18,668.09,916.26,705.05,916.33,736.17,916.39,761.81,916.44,779.84,916.45,783.61,916.54,826.28,916.57,837.59,916.59,847.04,916.6,849.62,916.82,944.38,916.84,952.29,916.86,961.26,916.9,979.37,916.92,989.61,916.93,990,917.02,949.69,917.06,932.43,917.09,920.31,917.09,920.25,917.13,903.02,917.18,880.4,917.25,852.41,917.25,850.5,917.26,845.54,917.27,841.68,917.35,807.01,917.38,794.14,917.45,763.48,917.47,754.67,917.48,752.34,917.5,745.02,917.61,743.03,918.61,725.21,919.91,702.26,919.97,701.21,921.69,670.6,922.14,662.64,928.58,548.35,929.45,532.96,929.52,531.71,929.86,525.65,930.03,522.71,935.28,429.59,936.95,399.9
776.22,789.94,783.34,781.67,819.57,739.62,841.29,714.41,858.98,693.87,886.27,662.19,890.24,657.58,893.03,654.34,898.35,648.16,906.41,638.81,908.27,636.65,949.02,589.34,971.82,562.87,972.83,561.7,986.63,545.69,990,541.77,972.05,520.94,955.5,501.72,955.4,501.6,948.08,493.11,886.02,421.07,864.21,395.75,855.81,386,851.4,380.88,780.22,298.25,677.21,178.67,676.47,177.82,646.69,143.24,641.1,136.75,569.26,53.363,562.58,45.607,553.31,34.837,542.99,22.859,539.8,19.159,531.91,10,466.8,85.587,455.45,98.763,424.71,134.44,376.8,190.06,350.59,220.48,321.39,254.39,319.2,256.92,277.76,305.03,208.95,384.91,208.23,385.74,197.28,398.45,190.81,405.96,166.12,434.63,139.13,465.95,133.01,473.07,39.862,581.19,36.288,585.34,28.709,594.14,10,615.86,50.421,662.78,56.281,669.58,79.523,696.57,111.9,734.15,174.34,806.64,177.12,809.86,235.46,877.58,269.72,917.35,284.96,935.04,302.95,955.93,303.98,957.12,314.1,949.65,337.14,932.65,341.85,929.18,335.35,929.9,328.58,930.65,317.63,931.86,312.88,932.38,308.86,932.83,282.73,935.71,266.78,937.48,257.8,938.47,235.68,940.91,229.79,941.56,216.7,943.01,209.96,943.75,206.99,944.08,190.7,945.88,185.48,946.46,177.63,947.32,146.68,950.74,128.95,952.7,105.31,955.31,94.624,956.49,41.371,962.38,24.38,964.26,10,965.84,16.223,966.53,49.225,970.18,57.091,971.05,66.342,972.07,78.93,973.46,88.809,974.55,103.91,976.22,106.84,976.54,108.55,976.73,126.93,978.76,140.35,980.25,161.83,982.62,164.65,982.93,187.44,985.45,189.31,985.65,218.45,988.87,228.64,990,235.31,989.26,271.24,985.29,297.59,982.38,299.47,982.18,300.05,982.11,302.3,981.86,304.48,981.62,307.2,981.32,316.02,980.35,324.2,979.44,344.86,977.16,422.17,968.62,443.44,966.27,446.98,965.88,470.67,963.26,504.06,959.57,510.78,958.83,515.46,958.31,530.24,956.68,594.29,949.6,609.02,947.98,612.58,947.58,614.56,947.36,637.79,944.8,639.29,944.63,649.21,943.54,656.85,942.69,664.78,941.82,694.11,938.58,694.8,938.5,708.91,939.21,823.6,945.02,919.74,949.89,945.88,951.21,990,953.45,975.46,954.18,915.23,957.23,827.43,961.68,819.43,946.84,816.8,941.98,757.76,832.48,745.87,810.43,706.78,737.93,704.42,733.56,685.54,698.54,683.43,694.64,659.2,649.7,657.15,645.9,649.58,631.86,649.21,631.18,642.58,618.87,609.95,558.36,599.11,538.26,599.02,538.09,584.97,512.04,557.94,461.9,536.69,422.5,522.35,395.9,509.71,372.46,504.85,363.45,489.83,335.59,483.98,324.73,462.19,284.33,387.27,145.39,378.47,129.08,374.28,121.29,348.33,73.17,338.07,54.145,324.84,29.619,320.97,22.437,314.26,10,267.47,96.776,250.25,128.72,218.81,187.02,180.07,258.87,131.39,349.15,126.37,358.46,110.25,388.36,103.78,400.35,73.772,456,48.512,502.85,27.694,541.46,13.056,568.6,10,574.27,44.64,638.51,53.82,655.53,61.492,669.76,63.591,673.65,140.51,816.31,146.94,828.23,154.22,841.73,168.92,868.99,177.24,884.41,177.55,884.99,210.27,945.68,224.28,971.66,234.12,989.91,234.17,990,248.16,964.06,266.53,930,289.24,887.86,290.8,884.99,286.26,889.86,282.72,893.66,250.99,927.72,239.21,940.36,211.15,970.49,203.08,979.15,200.95,981.44,194.25,988.63,192.97,990,181.51,977.7,159.25,990,158.24,989.44,128.56,973.04,120.83,968.77,10,907.53,24.925,899.28,26.139,898.61,32.017,895.36,34.864,893.79,125.17,843.89,153.96,827.98
875.11,611.55,881.81,615.63,915.89,636.38,936.32,648.81,952.96,658.95,978.63,674.58,982.37,676.85,984.99,678.45,990,681.5,982.42,686.11,980.67,687.18,942.34,710.52,920.89,723.58,919.94,724.15,906.96,732.05,903.79,733.99,886.91,744.26,871.33,753.75,871.24,753.8,864.35,758,805.98,793.54,785.46,806.03,777.56,810.84,773.41,813.37,706.45,854.13,609.55,913.13,608.86,913.55,580.84,930.61,575.58,933.81,508.01,974.95,501.72,978.78,492.99,984.09,483.29,990,480.29,988.17,472.87,983.66,411.61,946.36,400.94,939.86,372.03,922.26,326.95,894.82,302.3,879.81,274.83,863.09,272.77,861.83,233.79,838.1,169.06,798.69,168.38,798.28,158.08,792.01,152,788.3,128.77,774.16,103.38,758.71,97.62,755.2,10,701.85,13.362,699.8,20.491,695.46,38.091,684.75,76.115,661.6,81.627,658.24,103.49,644.93,133.95,626.39,192.69,590.63,195.3,589.04,250.18,555.62,282.41,536,296.74,527.27,313.67,516.97,314.63,516.38,325.24,509.92,349.39,495.22,354.31,492.22,364.94,485.75,376.04,478.99,393.96,468.08,401.74,463.34,408.33,459.33,451.12,433.29,477.24,417.38,491.95,408.43,528.16,386.38,537.81,380.5,559.25,367.45,570.28,360.73,575.14,357.78,601.82,341.54,610.38,336.32,623.23,328.5,673.91,297.64,702.95,279.96,741.66,256.4,759.16,245.74,846.36,192.65,874.19,175.71,897.74,161.37,907.93,155.17,961.97,122.26,974.85,114.42,990,105.2,969.39,92.647,953.21,82.798,928.47,67.738,923.68,64.821,920.88,63.114,890.78,44.792,868.8,31.407,833.64,10,829.02,12.811,791.7,35.533,788.64,37.397,740.91,66.452,724.22,76.619,713.3,83.267,654.47,119.08,611.31,145.36,608.24,147.23,607.29,147.81,603.6,150.05,600.03,152.23,595.57,154.94,581.13,163.73,567.73,171.89,533.89,192.49,407.29,269.57,372.46,290.78,366.67,294.3,327.88,317.92,273.19,351.21,262.2,357.91,254.54,362.57,230.33,377.31,125.43,441.18,101.31,455.86,95.49,459.41,92.248,461.38,54.205,484.54,51.746,486.04,35.509,495.92,22.99,503.54,10,511.45,58.024,540.69,59.153,541.38,66.758,546.01,128.56,583.64,180.37,615.18,194.46,623.76,218.24,638.23,226.07,643,230.41,683.18,236.73,741.74,238.24,755.74,238.74,760.33,249.89,863.64,252.14,884.44,259.52,952.84,259.96,956.96,263.53,990,263.93,986.31,268.51,943.91,268.89,940.33,264.95,946.8,264.76,947.12,261.31,952.78,244.32,980.66,238.68,989.92,238.63,990,231.32,978,217.25,954.9,247.38,975.86,267.72,990,285.65,977.53,292.53,972.74,313.84,957.92,322.14,952.15,353.04,930.66,459.29,856.76,471.77,848.09,477.72,843.95,514.52,818.35,529.07,808.24,547.82,795.19,553.32,791.37,562.83,784.76,629.19,738.61,653.62,721.62,698.2,690.61,753.15,652.4,822.18,604.38,829.3,599.43,852.16,583.53,861.34,577.15,903.89,547.55,939.72,522.64,969.24,502.11,990,487.67,985.67,484.65,936.54,450.49,923.52,441.43,912.64,433.87,909.66,431.8,800.57,355.93,791.46,349.59,781.13,342.4,760.29,327.91,748.49,319.7,748.05,319.4,701.64,287.12,681.77,273.3,667.82,263.6,667.75,263.55,647.91,249.75,621.86,231.64,589.64,209.23,587.44,207.7,581.73,203.73,581.5,195.69,579.4,123.63,578.62,96.891,576.76,33.161,576.23,14.847,576.09,10,575.64,25.21,575.56,28.114,574.8,54.135,573.82,87.648,573.78,89.168,572.48,133.86,572.14,145.49,567.28,312.34,566.62,334.81,566.57,336.64,566.31,345.49,566.19,349.78,562.22,485.73,560.96,529.08
160.68,317.43,171.18,320.3,224.57,334.89,256.58,343.63,282.66,350.76,322.88,361.75,328.73,363.35,332.84,364.47,340.69,366.62,352.56,369.86,355.31,370.61,415.36,387.02,448.97,396.2,450.46,396.61,470.79,402.16,475.76,403.52,502.21,410.75,526.61,417.42,526.76,417.46,537.55,420.41,629.01,445.4,661.16,454.18,673.54,457.56,680.04,459.34,784.95,488.01,936.78,529.49,937.86,529.78,981.75,541.78,990,544.03,884.13,572.96,874.28,575.65,860.61,579.39,845.4,583.54,840.7,584.83,829.08,588,733.11,614.23,716.38,618.8,671.08,631.17,600.46,650.47,561.84,661.02,518.79,672.78,515.58,673.66,454.49,690.35,353.08,718.06,352.02,718.35,335.88,722.76,326.35,725.37,289.94,735.31,250.18,746.18,241.15,748.65,103.86,786.16,98.596,787.6,87.427,790.65,65.137,803.35,16.98,830.79,10,834.77,37.691,850.55,76.261,872.52,150.65,914.91,153.96,916.79,223.47,956.4,264.28,979.66,282.44,990,303.87,977.79,305.1,977.09,319.69,990,352.89,960.63,359.66,954.64,374.28,941.71,389.54,928.21,417.62,915.84,429.82,910.47,440.15,905.92,507.21,876.4,548.15,858.38,571.2,848.23,627.95,823.25,643.08,816.59,676.69,801.79,693.98,794.18,701.59,790.83,743.4,772.42,756.82,766.52,776.95,757.65,856.39,722.68,901.91,702.64,962.57,675.94,990,663.86,853.32,603.69,809.71,584.49,772.8,568.25,756.83,561.21,672.13,523.92,651.94,515.04,628.2,504.58,595.89,490.36,570.53,479.2,531.76,462.13,524.26,458.83,519.86,456.89,472.69,436.13,438.24,420.96,383.13,396.7,375.89,393.51,317.4,367.76,312.6,365.65,237.8,332.72,211.63,321.2,194.52,313.66,102.31,273.07,34.681,243.3,29.857,241.17,28.368,240.52,22.593,237.98,16.989,235.51,10,232.43,32.632,222.47,53.623,213.23,106.66,189.88,305.08,102.53,359.67,78.495,368.76,74.497,429.55,47.734,515.26,10,532.49,17.587,547.15,10,593.44,33.97,794.07,137.86,840.2,161.75,851.34,167.52,857.54,170.73,930.3,208.4,935,210.84,966.06,226.92,990,239.32,965.15,252.18,873.3,299.74,871.15,300.86,856.6,308.39,738.39,369.6,639.3,420.92,612.36,434.87,566.88,458.41,551.9,466.17,489.82,498.32,399.32,545.18,377.69,556.38,370.6,560.05,210.96,642.72,178.82,659.36,73.121,714.09,66.75,717.39,15.698,743.83,10,746.78,75.517,780.7,81.052,783.57,101.52,794.17,102.52,794.69,120.46,803.98,208.68,849.66,237.99,864.83,238.23,864.96,276.21,884.63,349.3,922.47,406.75,952.22,445.52,972.3,479.7,990,492.83,983.2,533.45,962.17,549.28,953.97,608.18,923.47,810.75,818.58,834.53,806.27,845.88,800.39,916.04,764.06,943.77,749.7,979.53,731.18,990,725.76,971.87,716.37,845.36,650.86,798.78,626.75,713.79,582.73,609.03,528.49,477.42,460.34,463.84,453.31,420.26,430.74,402.78,421.68,321.64,379.67,253.35,344.31,197.06,315.16,157.48,294.67,149.22,290.39,55.563,241.89,30.743,229.04,10,218.3,15.674,215.36,223.65,107.67,241.02,98.67,260.71,88.474,300.45,67.899,322.94,56.252,323.79,55.814,412.26,10,450.14,29.616,476.75,43.391,476.88,43.458,514.69,63.04,564.35,88.756,625.78,120.56,622.2,118.18,612.92,112.02,605.68,107.21,540.78,64.112,516.7,48.118,459.3,10,442.81,20.954,438.44,23.853,424.75,32.951,422.13,34.688,398.7,50.252,368.51,70.297,367.15,71.206,326.9,97.936,316.42,104.89,166.15,204.69,145.92,218.13,144.27,219.23,136.3,224.52,132.44,227.08,10,308.4,49.038,334.33
82.243,193.41,77.731,187.2,54.779,155.62,41.018,136.69,29.808,121.27,12.517,97.48,10,94.017,11.766,91.587,15.139,86.947,20.243,79.925,21.423,78.301,47.241,42.781,61.689,22.903,62.328,22.023,71.068,10,73.205,12.94,84.574,28.583,95.063,43.014,95.129,43.104,99.766,49.483,139.08,103.58,152.91,122.59,158.22,129.91,161.02,133.76,206.12,195.81,271.39,285.6,271.85,286.24,290.72,312.2,294.27,317.08,339.78,379.69,344.01,385.52,349.89,393.6,356.43,402.6,358.44,405.38,355.43,407.86,330.58,428.38,336.79,417.35,353.61,387.48,379.84,340.92,394.18,315.45,410.17,287.07,411.36,284.94,434.05,244.67,471.71,177.8,472.11,177.1,478.1,166.46,481.64,160.17,495.16,136.17,509.93,109.95,513.28,103.99,564.27,13.474,566.22,10,570.37,17.365,580.61,35.547,602.74,74.829,605.94,80.524,618.67,103.11,636.39,134.57,670.57,195.26,672.09,197.95,704.02,254.66,722.77,287.95,731.11,302.76,740.96,320.24,741.52,321.24,747.7,332.2,761.75,357.14,764.61,362.23,770.8,373.22,777.26,384.68,787.68,403.19,792.21,411.23,796.05,418.04,820.94,462.24,836.14,489.23,844.7,504.42,865.77,541.83,871.39,551.8,883.86,573.95,890.28,585.35,893.11,590.37,908.63,617.93,913.61,626.77,921.09,640.05,950.58,692.41,967.48,722.41,990,762.4,979.82,780.47,929.07,870.57,912.88,899.31,899.18,923.64,893.25,934.17,861.81,990,854.31,976.69,845.5,961.04,833.5,939.75,824.09,923.03,809.69,897.48,806.91,892.53,805.27,889.63,787.76,858.54,774.97,835.83,754.51,799.5,751.82,794.73,730.11,756.18,728.33,753.02,700.56,703.71,690.84,686.46,684.49,675.18,650.26,614.4,625.15,569.83,623.36,566.65,622.8,565.66,620.66,561.86,618.58,558.16,615.98,553.56,607.58,538.64,599.87,532.36,580.38,516.51,507.46,457.19,487.4,440.87,484.06,438.16,461.72,419.98,430.22,394.36,423.89,389.21,419.48,385.62,405.54,374.28,345.12,325.13,331.22,313.83,327.87,311.1,326,309.58,304.09,291.76,302.67,290.61,293.32,283,286.11,277.13,278.63,271.05,250.97,248.54,250.32,248.02,245.94,244.45,210.34,215.5,180.5,191.22,172.39,184.62,158.69,173.48,154.18,169.81,135.49,154.6,108.23,132.43,101.72,127.13,99.584,125.4,51.511,86.29,41.829,78.414,10,52.522,11.919,50.961,27.293,38.455,29.009,37.059,48.739,21.009,50.405,19.653,56.57,14.639,56.87,14.395,62.272,10,88.841,31.613,97.666,38.792,97.713,38.613,105.29,10,119.86,65.056,131.31,108.33,139.04,137.53,145.86,163.28,148.47,173.17,156.57,203.77,159.73,215.69,171.47,260.06,211.86,412.65,216.6,430.56,218.86,439.11,232.85,491.95,238.38,512.85,245.51,539.78,247.59,547.67,251.21,561.33,276.43,656.62,285.72,691.7,302.66,755.73,323.55,834.63,349.78,933.77,352.49,944,361.18,976.83,364.67,990,380.84,928.89,394.46,877.44,405.68,835.04,413.57,805.23,415.22,799.01,433.89,728.46,438.84,709.76,442.97,694.14,444.1,689.87,485.57,533.21,489.03,520.12,492.96,505.29,500.88,475.36,505.36,458.41,505.53,457.78,523.17,391.13,530.72,362.6,536.03,342.56,536.05,342.46,543.59,313.98,553.49,276.57,565.74,230.3,566.58,227.14,568.75,218.94,566.22,217.49,543.58,204.47,535.18,199.64,515.15,188.13,509.4,184.82,507.87,183.94,503.09,181.19,502.18,180.67,494,175.97,483.47,169.91,483,169.64,468.95,161.57,465.3,159.47,412.87,129.32,405.81,125.26,405.23,124.93,402.45,123.34,401.1,122.56,358.38,98.001,344.76,90.17
663.32,410.63,666.13,418.45,680.44,458.26,689.02,482.12,696.01,501.56,706.79,531.55,708.36,535.91,709.46,538.97,711.57,544.82,714.75,553.67,715.48,555.72,731.58,600.49,740.59,625.55,740.99,626.66,746.44,641.81,747.77,645.52,754.86,665.23,761.4,683.42,761.44,683.54,764.33,691.58,788.84,759.76,797.46,783.73,800.78,792.95,802.52,797.8,830.64,876.01,871.33,989.19,871.62,990,883.39,957.28,885.6,951.13,913.97,872.21,916.61,864.86,920.28,854.67,924.35,843.33,925.61,839.83,928.73,831.16,954.45,759.62,958.93,747.15,971.07,713.38,990,660.74,979.65,631.94,968.11,599.85,967.25,597.45,950.88,551.92,923.7,476.32,923.41,475.53,919.09,463.49,916.53,456.39,906.77,429.25,896.12,399.61,893.7,392.87,856.9,290.53,855.49,286.6,852.5,278.28,845.1,257.72,829.14,213.31,826.82,206.87,817.64,181.33,804.85,145.76,780.18,77.153,779.09,74.106,756.04,10,742.51,47.641,736.49,64.383,729.38,84.153,728.98,85.28,724.52,97.676,714.38,125.87,712.31,131.63,707.85,144.04,703.19,157,695.66,177.94,692.39,187.03,689.63,194.72,671.66,244.7,660.69,275.21,654.52,292.38,639.31,334.68,635.26,345.95,626.25,371,621.62,383.88,619.58,389.55,608.38,420.71,604.78,430.71,599.39,445.72,578.1,504.92,565.91,538.84,549.65,584.05,542.31,604.49,505.69,706.34,494,738.84,484.11,766.35,479.83,778.25,457.14,841.37,451.73,856.42,445.37,874.11,436.71,898.19,429.92,917.09,419.53,945.98,417.52,951.57,416.34,954.85,403.7,990,394.47,964.32,379.71,923.25,377.77,917.86,362.09,874.27,360.81,870.69,340.77,814.95,333.76,795.45,329.17,782.69,304.47,713.98,286.35,663.58,285.05,659.98,284.65,658.87,283.11,654.57,281.61,650.4,279.73,645.19,273.67,628.32,268.04,612.68,253.83,573.15,200.67,425.28,186.04,384.6,183.61,377.83,167.32,332.53,144.36,268.65,139.74,255.81,136.52,246.86,126.36,218.59,82.307,96.065,72.179,67.894,69.734,61.093,68.373,57.308,52.397,12.873,51.365,10,44.546,28.965,39.289,43.586,33.834,58.759,13.667,114.85,13.194,116.17,10,125.05,35.953,197.24,57.711,257.76,63.625,274.21,73.61,301.98,76.9,311.13,90.531,349.04,110.4,404.31,115.15,417.52,116.71,421.85,151.76,519.34,158.81,538.97,182.02,603.51,183.42,607.41,194.63,638.58,195.88,642.06,210.27,682.07,210.11,687.31,209.55,706.68,209.52,707.62,209.03,724.6,206.61,808.08,205.8,835.8,205.8,836.03,204.75,871.97,202.74,941.13,159.97,956.38,131.11,966.66,105.65,975.74,95.881,979.22,65.637,990,53.853,985.8,10,970.17,160.82,916.41,178.52,910.1,186.98,907.08,239.21,888.47,259.86,881.1,286.48,871.62,294.28,868.84,307.78,864.02,401.97,830.45,436.65,818.09,499.93,795.53,577.92,767.73,675.91,732.8,686.02,729.2,718.47,717.63,731.49,712.99,791.89,691.46,842.74,673.34,884.65,658.4,914.12,647.89,920.27,645.7,990,620.85,971.52,614.26,956.08,608.75,951.85,607.25,797.01,552.05,784.07,547.44,769.41,542.22,784.53,538.93,793.09,537.07,793.42,537,827.09,529.69,841.51,526.56,851.63,524.36,851.68,524.35,866.07,521.22,884.97,517.12,908.35,512.04,909.95,511.69,914.09,510.79,917.32,510.09,946.28,503.8,957.03,501.47,982.64,495.91,990,494.31,988.05,493.89,981.94,492.56,980.77,492.3,970.31,490.03,956.85,487.11,956.24,486.98,938.27,483.07,933.6,482.06,866.54,467.5,857.51,465.53,856.78,465.38,853.22,464.6,851.5,464.23,796.86,452.36,779.44,448.58
420.89,140.53,424.82,136.79,444.81,117.74,456.8,106.32,466.56,97.02,481.62,82.673,483.82,80.584,485.36,79.118,488.29,76.32,492.74,72.085,493.77,71.105,516.26,49.682,528.84,37.693,529.4,37.163,537.01,29.911,538.87,28.138,548.77,18.704,557.91,10,557.97,10.054,562.01,13.902,596.26,46.528,612.3,57.737,618.47,62.051,621.72,64.319,674.06,100.9,749.81,153.83,750.35,154.21,772.25,169.51,776.37,172.39,829.19,209.3,834.11,212.73,840.93,217.5,848.52,222.8,850.86,224.44,856.66,228.49,904.55,261.95,912.89,267.79,935.49,283.58,970.73,308.2,990,321.67,968.52,336.67,966.92,337.8,936.44,359.09,885.84,394.45,885.31,394.82,877.26,400.45,872.5,403.77,854.34,416.46,848.51,448.24,847.19,455.45,827.07,565.14,826.3,569.35,824.66,578.27,820.62,600.31,811.89,647.91,810.63,654.81,805.61,682.18,798.62,720.3,785.13,793.84,784.53,797.1,771.93,865.81,764.53,906.15,761.24,924.1,757.36,945.29,757.13,946.49,754.7,959.78,749.16,990,748.02,983.83,745.58,970.53,743.04,956.63,738.92,934.2,737.13,924.46,735.62,916.21,725.8,862.65,719.8,829.94,716.43,811.54,708.11,766.21,705.9,754.12,700.97,727.28,698.44,713.47,697.33,707.39,636.21,707.25,616.59,707.2,587.15,707.13,471.03,706.86,404.5,706.7,315.81,706.49,275.72,706.39,75.915,705.92,46.124,721.05,20.91,733.86,10,739.4,67.865,768.8,81.657,775.8,97.876,784.04,119.95,795.25,137.27,804.05,163.75,817.51,168.88,820.11,171.89,821.64,204.11,838,227.65,849.96,265.29,869.08,270.24,871.6,310.2,891.89,313.48,893.56,364.57,919.51,382.45,928.6,394.14,934.54,457.13,966.53,503.33,990,506.63,988.33,507.53,988.67,511.05,990,514.46,988.71,518.71,987.1,532.48,981.88,545.25,977.04,577.52,964.82,698.23,919.09,731.45,906.51,736.97,904.42,773.96,890.41,826.11,870.65,836.59,866.68,843.9,863.91,866.97,855.17,967,817.28,990,808.57,984.45,806.46,981.36,805.29,945.08,791.55,942.74,790.66,927.25,784.8,915.32,780.28,902.93,775.59,857.14,758.24,856.06,757.83,848.81,755.08,789.88,732.76,740.47,714.04,727.04,708.96,704.37,700.37,696.9,697.54,665.95,685.81,620.83,668.72,610.05,664.64,606.51,663.3,526.92,633.15,510.9,627.08,458.2,607.12,455.03,605.91,429.57,596.27,426.73,595.2,394.07,582.82,391.31,581.78,381.1,577.91,380.61,577.72,371.66,574.34,327.68,557.67,313.07,552.14,312.95,552.09,294.01,544.92,257.57,531.12,228.93,520.27,209.6,512.95,192.56,506.49,186.01,504.01,165.76,496.34,157.87,493.35,128.51,482.23,27.514,443.97,15.659,439.48,10,437.33,44.978,424.08,58.805,418.85,76.632,412.09,81.852,410.12,90.892,406.69,153.96,382.8,177.18,374,219.56,357.95,271.78,338.17,337.4,313.31,344.17,310.75,365.9,302.52,374.62,299.21,415.07,283.89,449.12,270.99,454.08,240.02,457.58,218.25,458.31,213.7,466.58,162.17,468.77,148.52,470.6,137.11,471.1,133.98,489.46,19.56,491,10,492.74,20.834,496.25,42.695,498.23,55.07,498.31,55.536,506.12,104.21,509.46,125.06,511.81,139.69,511.82,139.76,515.16,160.57,519.55,187.89,524.97,221.69,525.34,224,526.3,229.99,527.05,234.65,533.77,276.52,536.26,292.06,542.2,329.08,543.91,339.72,544.36,342.54,545.78,351.37,546.05,353.06,548.48,368.18,551.6,387.65,551.75,388.53,555.91,414.5,557,421.26,572.55,518.2,574.65,531.25,574.82,532.31,575.64,537.45,576.04,539.94,588.72,618.93,592.76,644.12
984.41,467.51,990,469.38,961.56,478.91,944.51,484.63,930.62,489.28,909.2,496.46,906.08,497.51,903.89,498.24,899.71,499.64,893.39,501.76,891.92,502.25,859.94,512.97,842.03,518.97,841.24,519.24,830.41,522.87,827.77,523.76,813.68,528.48,800.68,532.83,800.6,532.86,794.86,534.79,746.14,551.11,729.01,556.85,722.43,559.06,718.96,560.22,663.08,578.95,582.21,606.05,581.64,606.24,558.26,614.08,553.87,615.55,497.48,634.45,492.23,636.21,484.95,638.65,476.85,641.36,474.35,642.2,468.15,644.28,417.04,661.41,408.12,664.4,384,672.48,346.38,685.09,325.81,691.98,302.88,699.67,301.17,700.24,268.64,711.15,214.62,729.25,214.05,729.44,205.46,732.32,200.38,734.02,180.99,740.52,159.81,747.62,155,749.23,81.879,773.74,79.073,774.68,73.124,776.67,53.151,776.43,10,775.9,16.255,775.82,41.067,775.52,75.629,775.1,142.29,774.29,145.25,774.25,207.53,773.49,244.11,773.05,260.37,772.85,279.58,772.61,280.68,772.6,292.72,772.45,320.12,772.12,325.71,772.05,337.77,771.91,350.36,771.75,370.7,771.5,379.53,771.4,387.01,771.31,435.56,770.71,465.21,770.35,481.9,770.15,521.79,732.6,532.43,722.59,556.05,700.36,568.2,688.92,573.56,683.89,602.94,656.23,612.38,647.35,626.53,634.03,682.37,581.47,682.53,539.02,714.42,517.24,728.83,507.4,800.66,458.33,823.58,442.68,842.98,429.43,851.37,423.7,895.89,393.29,906.5,386.04,918.98,377.52,935.96,365.92,921.6,361.69,899.63,355.23,895.38,353.98,892.89,353.25,866.17,345.39,846.65,339.64,815.43,330.46,811.33,329.25,778.19,319.5,775.47,318.7,733.09,306.23,718.27,301.87,708.57,299.02,656.33,283.65,618.02,272.38,615.29,271.57,614.44,271.33,611.17,270.36,608,269.43,604.04,268.26,591.21,264.49,579.32,260.99,549.28,252.15,436.86,219.08,458.85,175.41,462.51,168.15,487,119.52,521.53,50.963,528.47,37.178,530.66,40.446,537.58,50.774,567.59,95.535,574.49,105.83,576.16,108.31,577.08,109.69,587.97,125.93,588.67,126.98,593.31,133.91,596.9,139.25,600.61,144.79,614.35,165.28,614.67,165.76,616.85,169.01,634.53,195.38,649.35,217.49,653.38,223.5,660.18,233.64,662.42,236.99,671.7,250.84,685.24,271.03,688.47,275.85,689.53,277.44,713.41,313.05,718.22,320.22,734.03,343.8,734.98,345.22,742.61,356.61,743.47,357.88,753.27,372.5,754.09,373.74,757.16,378.3,757.3,378.53,759.99,382.53,773.18,402.21,777.57,408.75,777.6,408.8,783.28,417.28,794.21,433.58,802.81,446.4,808.6,455.05,813.72,462.68,815.68,465.6,821.76,474.67,824.12,478.2,832.93,491.34,863.23,536.53,866.79,541.84,868.48,544.37,878.98,560.02,883.12,566.21,888.47,574.19,890.04,576.52,892.75,580.57,911.67,608.79,918.64,619.18,931.35,638.15,947.02,661.52,966.7,690.88,968.73,693.91,975.25,703.63,977.87,707.53,990,725.63,979.79,740.87,971.37,753.43,965.45,762.26,964.21,764.1,950.2,785,946.49,790.53,943.39,795.16,942.54,796.43,911.44,842.83,908.84,846.7,905.89,851.1,899.95,859.96,896.59,864.98,896.46,865.17,883.23,884.91,877.56,893.36,873.58,899.29,873.57,899.41,868.64,932.64,856.63,944.56,841.77,959.3,840.75,960.31,838.12,962.92,836.06,964.96,817.65,983.22,810.82,990,794.54,973.85,789.86,969.21,788.62,967.98,784.74,964.12,783.99,963.39,777.35,956.79,768.78,948.3,768.4,947.91,756.98,936.59,754.01,933.64,711.38,891.35,705.64,885.66,705.17,885.2,702.91,882.95,701.81,881.87,667.08,847.41,656,836.42
26.006,52.612,30.986,45.612,56.324,10,71.515,31.35,83.89,48.743,102.98,75.57,105.76,79.475,107.71,82.216,111.43,87.448,117.06,95.368,118.37,97.199,146.87,137.26,162.82,159.67,163.52,160.66,173.17,174.22,175.53,177.54,188.08,195.18,199.66,211.45,199.73,211.56,204.85,218.75,248.25,279.75,263.51,301.2,269.38,309.45,272.47,313.79,322.26,383.76,394.3,485.02,394.82,485.74,415.65,515.02,419.56,520.52,469.8,591.13,474.47,597.7,480.96,606.82,488.18,616.97,490.41,620.1,495.93,627.86,541.47,691.86,549.41,703.02,570.9,733.23,604.42,780.33,622.75,806.1,643.17,834.81,642.33,835.05,626.27,839.71,599.6,847.45,599.32,847.53,595.08,848.76,592.57,849.49,583,852.27,572.55,855.3,570.17,855.99,534.08,866.47,532.69,866.87,529.75,867.72,522.5,869.83,506.84,874.37,504.57,875.03,495.56,877.65,483.01,881.29,458.82,888.31,457.74,888.62,464.57,914.74,468.57,930.08,470.35,936.9,472.46,944.95,472.58,945.41,473.9,950.46,476.9,961.95,477.51,964.29,478.83,969.35,480.21,974.63,482.44,983.16,483.41,986.86,484.23,990,489.55,969.64,492.79,957.21,494.62,950.21,499.12,932.98,500.32,928.39,502.99,918.18,504.36,912.93,504.96,910.62,508.28,897.93,509.35,893.85,510.94,887.74,517.24,863.62,520.85,849.8,525.67,831.38,527.84,823.06,538.68,781.56,542.14,768.32,545.07,757.11,546.34,752.26,553.06,726.55,554.66,720.42,556.54,713.21,559.1,703.4,561.12,695.7,564.19,683.93,564.79,681.65,565.13,680.31,568.88,665.99,571.61,655.53,575.98,638.8,576.55,636.6,581.19,618.84,581.58,617.39,587.51,594.68,589.58,586.73,590.94,581.53,598.26,553.54,603.62,533.01,604,531.54,604.12,531.09,604.58,529.33,605.02,527.63,605.58,525.51,607.37,518.64,608.96,504.71,612.97,469.5,627.96,337.78,632.08,301.54,632.77,295.51,637.36,255.16,643.84,198.26,645.14,186.82,646.05,178.85,648.91,153.67,661.33,44.524,664.19,19.43,664.88,13.372,665.26,10,669.77,49.581,670.06,52.14,671.98,69.033,673.46,82.057,675,95.573,680.69,145.54,680.82,146.71,681.72,154.62,689.04,218.93,695.18,272.83,696.85,287.49,699.66,312.23,700.59,320.38,704.43,354.15,710.04,403.38,711.37,415.14,711.81,419,721.7,505.84,723.69,523.33,730.23,580.82,730.63,584.29,728.08,554.69,727.8,551.39,724.53,513.4,724.26,510.19,723.23,498.32,723.19,497.75,722.29,487.35,717.89,436.19,716.43,419.2,716.42,419.07,714.53,397.04,710.88,354.67,708.02,321.36,706.09,298.88,704.38,279.06,703.73,271.45,701.7,247.9,700.91,238.72,697.98,204.57,687.88,87.125,686.69,73.338,686.13,66.757,682.63,26.081,681.25,10,679.47,30.731,678.94,36.802,678.04,47.314,671.73,120.66,669.41,147.67,665.18,196.94,659.95,257.68,653.39,333.99,652.72,341.86,650.54,367.13,649.67,377.27,645.63,424.31,642.22,463.9,639.42,496.54,637.44,519.48,637.03,524.27,632.36,578.57,631.13,592.96,630.09,604.99,629.81,608.28,619.44,728.86,618.58,738.94,617.59,750.35,615.61,773.39,606.77,787.35,606.44,787.88,571.65,842.81,556.76,866.33,546.3,882.84,546.25,882.92,531.38,906.4,511.86,937.23,487.71,975.37,486.06,977.98,481.78,984.73,478.44,990,448.53,942.76,437.42,925.23,410.97,883.44,403.36,871.44,401.35,868.26,395.04,858.29,393.83,856.38,383.03,839.32,369.11,817.35,368.48,816.36,349.93,787.06,345.1,779.43,275.83,670.04,266.5,655.31,265.74,654.11,262.07,648.31,260.29,645.5,203.84,556.37,185.85,527.95
20.443,684.65,28.248,688.78,67.955,709.79,91.76,722.38,111.15,732.64,141.07,748.47,145.42,750.77,148.48,752.39,154.31,755.47,163.14,760.14,165.18,761.22,209.84,784.85,234.84,798.08,235.95,798.66,251.06,806.66,254.76,808.62,274.43,819.02,292.58,828.62,292.69,828.68,300.71,832.93,368.73,868.91,392.64,881.56,401.84,886.43,406.68,888.99,484.7,930.27,597.6,990,598.41,989.58,631.05,972.3,637.18,969.06,715.92,927.41,723.24,923.53,733.41,918.15,744.72,912.17,748.21,910.32,756.86,905.75,828.23,867.99,840.67,861.41,874.35,843.58,926.87,815.8,955.6,800.6,987.61,783.67,990,782.4,944.58,758.37,869.15,718.47,868.37,718.05,856.36,711.7,849.28,707.95,822.2,693.63,792.63,677.98,785.91,674.43,683.82,620.42,679.9,618.34,671.6,613.95,651.09,603.1,606.79,579.66,600.36,576.26,574.89,562.78,539.4,544.01,470.96,507.8,467.92,506.19,403.97,472.36,366.42,452.49,349.72,443.66,330,433.22,328.87,432.63,316.51,426.09,288.38,411.2,282.64,408.17,270.25,401.61,257.32,394.77,236.44,383.73,227.37,378.93,219.69,374.87,169.84,348.49,139.41,332.39,122.27,323.33,80.079,301,68.834,295.05,29.985,304.33,10,309.1,18.8,311.2,67.13,322.74,82.644,326.45,105.92,332.01,197.74,353.93,250.36,366.5,320.49,383.24,352.19,390.82,510.18,428.54,560.59,440.58,603.26,450.77,621.72,455.18,719.63,478.56,742.97,484.13,770.42,490.68,807.76,499.6,837.07,506.6,881.89,517.3,890.57,519.38,895.65,520.59,950.17,533.61,990,543.12,926.3,558.33,917.93,560.33,850.32,576.48,844.77,577.8,758.31,598.45,728.05,605.67,708.27,610.4,601.69,635.85,523.51,654.52,517.93,655.85,516.21,656.26,509.53,657.85,503.06,659.4,494.98,661.33,468.82,667.58,444.55,673.37,383.24,688.01,153.88,742.78,90.772,757.85,80.273,760.36,10,777.14,109.08,800.8,129,805.55,142.88,808.87,186.73,819.34,376.78,864.72,420.48,875.16,431.03,877.68,436.9,879.08,505.83,895.54,510.28,896.6,539.7,903.63,562.38,909.04,585.91,914.66,672.92,935.44,674.96,935.93,679.27,937.99,714.3,954.75,743.67,968.8,751.65,972.62,765.12,979.07,769.56,981.2,787.96,990,814.78,977.17,808.2,990,806.04,985.79,757.51,891.09,747.73,872.02,715.6,809.32,713.66,805.54,698.14,775.25,696.41,771.87,676.49,733,674.8,729.72,668.58,717.58,668.28,716.98,662.82,706.34,636,654,627.09,636.62,627.02,636.48,615.47,613.94,593.25,570.58,575.78,536.5,563.99,513.5,553.6,493.22,549.61,485.44,537.26,461.34,532.44,451.95,514.54,417.01,452.95,296.83,445.72,282.73,442.27,275.99,420.94,234.37,412.5,217.92,401.63,196.71,398.45,190.49,392.93,179.74,354.47,104.69,312.42,114.27,235.68,131.75,141.09,153.3,22.261,180.37,10,183.16,49.349,192.12,65.138,195.72,138.39,212.41,200.06,226.46,250.88,238.03,253.4,268.95,253.92,275.41,259.88,348.58,261.46,367.97,262.78,384.18,263.14,388.61,276.36,551.1,277.47,564.67,278.72,580.06,281.25,611.1,282.68,628.67,282.73,629.34,288.36,698.46,290.77,728.06,292.46,748.84,292.47,748.94,294.87,778.49,298.03,817.29,301.93,865.28,302.2,868.56,311.46,864.72,318.67,861.73,383.39,834.92,407.4,824.98,464.64,801.27,481.09,794.45,485.44,792.65,499.1,786.99,501.71,785.91,525.08,776.23,555.17,763.76,556.54,763.2,596.12,762.66,606.43,762.53,754.22,760.53,774.12,760.27,775.74,760.24,783.58,760.14,787.38,760.09,907.8,758.47,946.2,757.95
400.43,59.313,393.87,53.916,360.47,26.46,340.45,10,324.14,23.41,298.99,44.093,295.33,47.104,292.76,49.217,287.85,53.251,280.42,59.357,278.71,60.769,241.15,91.651,220.13,108.93,219.2,109.7,206.48,120.15,203.37,122.71,186.83,136.31,171.57,148.86,171.48,148.94,164.73,154.48,107.53,201.52,87.42,218.05,79.683,224.41,75.613,227.76,10,281.7,104.95,359.77,105.63,360.33,133.08,382.9,138.24,387.14,204.45,441.58,210.61,446.65,219.16,453.68,228.67,461.5,231.61,463.91,238.88,469.89,298.9,519.24,309.37,527.85,337.69,551.14,381.86,587.45,406.02,607.31,432.94,629.45,434.95,631.1,473.15,662.51,536.58,714.66,537.24,715.21,547.34,723.51,553.3,728.41,576.06,747.13,600.93,767.58,606.58,772.22,692.44,842.81,695.73,845.52,702.72,851.27,719.97,865.45,757.23,896.08,762.63,900.52,784.05,918.14,813.89,942.67,871.45,990,874.01,987.9,927.79,943.68,959.37,917.71,973.41,906.17,990,892.53,989.05,891.75,978.66,883.2,955,863.75,950.17,859.78,939.76,851.22,928.88,842.28,911.32,827.84,903.69,821.57,897.24,816.26,855.31,781.79,829.72,760.74,815.31,748.89,779.82,719.72,770.37,711.94,749.35,694.67,725.11,696.32,714.44,697.04,710.82,667.78,709.65,658.39,707.91,644.3,701.02,588.7,728.9,569.19,766.07,543.18,782.88,531.42,866.62,472.82,893.34,454.12,915.95,438.3,925.73,431.45,977.63,395.14,990,386.48,975.45,376.3,955.66,362.45,967.81,346.7,986.4,322.63,990,317.96,987.89,315.24,965.28,285.94,948.76,264.54,922.34,230.32,918.87,225.82,890.83,189.5,888.53,186.52,852.67,140.07,840.12,123.81,831.92,113.18,787.71,55.923,755.29,13.921,752.98,10.925,752.26,10,749.49,13.586,746.81,17.066,743.46,21.407,732.61,35.462,722.54,48.498,697.12,81.436,601.99,204.66,575.82,238.57,571.46,244.21,542.32,281.96,501.23,335.19,492.96,345.9,487.21,353.35,469.02,376.91,390.2,479.02,372.08,502.49,367.7,508.16,367.21,510.31,361.49,535.56,361.12,537.19,358.68,547.97,356.8,556.28,354.84,564.9,347.62,596.78,347.45,597.53,346.31,602.58,337.01,643.6,329.22,677.99,327.1,687.34,323.53,703.12,322.35,708.32,317.47,729.86,310.35,761.27,308.65,768.78,308.09,771.24,295.54,826.64,293.01,837.79,284.7,874.47,284.2,876.68,280.19,894.4,279.74,896.38,274.59,919.11,274.15,921.04,277.91,908.42,278.09,907.81,281.39,896.76,297.6,842.4,302.99,824.35,303.03,824.2,310.01,800.8,323.44,755.76,334,720.37,341.12,696.48,347.41,675.42,349.82,667.33,357.28,642.31,360.19,632.55,371.01,596.27,408.24,471.46,412.61,456.81,414.69,449.82,427.59,406.59,432.68,389.5,439.25,367.47,441.18,361.02,444.51,349.85,467.76,271.91,476.32,243.21,491.93,190.84,511.18,126.3,535.37,45.217,537.86,36.85,545.87,10,549.09,20.774,563.99,70.761,576.54,112.84,586.89,147.52,594.16,171.9,595.68,176.99,612.89,234.7,617.45,249.99,621.26,262.77,622.3,266.26,660.52,394.4,663.71,405.1,667.33,417.24,674.63,441.72,678.77,455.57,678.92,456.1,695.18,510.61,702.14,533.95,707.03,550.34,707.05,550.41,714,573.71,723.13,604.31,734.42,642.16,735.19,644.74,737.19,651.45,738.75,656.68,752.73,703.56,757.92,720.96,770.29,762.42,773.84,774.33,774.78,777.49,777.73,787.38,778.3,789.27,783.34,806.2,789.85,828,790.14,828.99,798.81,858.07,801.07,865.64,833.45,974.19,837.81,988.81,838.16,990,839.88,984.24,840.71,981.45,867.09,893,875.51,864.8
147.27,402.24,153.94,397.95,187.88,376.1,208.23,363,224.81,352.34,250.38,335.88,254.1,333.48,256.71,331.8,261.7,328.59,269.24,323.73,270.99,322.61,309.17,298.04,330.53,284.29,331.48,283.68,344.4,275.36,347.56,273.33,364.37,262.51,379.88,252.53,379.98,252.46,386.84,248.05,444.98,210.63,465.42,197.48,473.28,192.41,477.42,189.75,544.11,146.83,640.62,84.713,641.3,84.271,669.21,66.312,674.45,62.938,741.75,19.623,748.01,15.595,756.7,10,766.37,16.222,769.35,18.144,776.75,22.902,837.75,62.165,848.39,69.01,877.18,87.542,895.71,62.259,905.85,48.431,917.14,33.02,917.99,31.868,934.01,10,960.63,46.309,960.91,46.688,965.14,52.467,967.64,55.878,977.19,68.911,987.63,83.148,990,86.382,953.98,135.53,952.59,137.42,949.66,141.42,942.43,151.29,926.79,172.62,924.53,175.71,915.54,187.97,903.02,205.06,878.86,238.01,877.79,239.47,855.23,270.26,841.98,288.33,836.08,296.37,829.12,305.87,828.73,306.41,824.36,312.36,814.44,325.9,812.41,328.67,808.04,334.63,803.48,340.85,796.11,350.91,792.91,355.27,790.2,358.97,772.61,382.97,761.87,397.62,755.83,405.87,740.94,426.18,736.97,431.6,728.15,443.62,723.62,449.81,721.62,452.54,710.65,467.5,707.13,472.3,701.85,479.51,681.01,507.94,669.07,524.23,621.49,511.13,599.98,505.21,492.77,475.72,458.57,466.3,429.62,458.34,417.09,454.89,350.66,436.61,334.82,432.25,316.2,427.13,290.86,420.16,270.97,414.68,240.56,406.32,234.68,404.69,231.23,403.75,194.23,393.57,167.21,386.13,123.98,374.24,118.31,372.67,72.43,360.05,68.665,359.01,10,342.87,30.528,337.22,43.951,333.53,116.27,313.63,169.32,299.03,173.1,297.99,174.27,297.67,178.8,296.42,183.19,295.21,188.67,293.7,206.43,288.82,222.89,284.29,264.49,272.84,420.12,230.02,410.02,252.8,408.34,256.59,397.09,281.97,381.23,317.74,378.04,324.93,375.82,329.95,368.8,345.78,338.38,414.4,331.39,430.18,329.7,433.99,328.76,436.11,317.73,460.99,317.02,462.6,312.31,473.22,308.68,481.41,304.91,489.91,290.99,521.33,290.66,522.06,288.45,527.04,270.53,567.47,255.51,601.36,251.42,610.57,244.53,626.13,242.26,631.25,260.96,632.07,288.24,633.27,294.76,633.56,296.89,633.65,345,635.76,354.69,636.18,386.54,637.58,388.46,637.66,403.85,638.34,405.57,638.41,425.31,639.28,426.98,639.35,433.15,639.62,433.45,639.63,438.86,639.87,465.44,641.04,474.28,641.42,474.35,641.43,485.79,641.93,507.82,642.89,525.14,643.65,536.82,644.17,547.12,644.62,551.08,644.79,563.32,645.33,568.09,645.54,585.84,646.31,646.89,648.99,654.05,649.3,657.48,649.45,678.62,650.38,686.98,650.75,697.75,651.22,700.91,651.36,706.37,651.6,744.5,653.27,758.54,653.88,784.15,655.01,815.72,656.39,855.38,658.13,859.48,658.31,872.61,658.88,877.88,659.11,902.33,660.19,922.91,661.09,939.88,661.83,951.8,662.35,954.29,662.46,982.52,663.7,990,664.03,983.75,664.3,982.04,664.38,919.36,667.13,914.13,667.35,908.19,667.61,896.22,668.14,889.44,668.44,889.18,668.45,862.52,669.62,851.1,670.12,843.09,670.47,843.05,670.47,831.65,670.97,816.68,671.63,798.17,672.44,796.91,672.49,793.63,672.64,791.07,672.75,768.14,673.75,759.63,674.13,739.35,675.02,733.52,675.27,731.98,675.34,727.13,675.55,726.21,675.59,717.93,675.95,707.26,676.42,706.78,676.44,692.56,677.07,688.86,677.23,635.76,679.56,628.61,679.87,628.02,679.89,625.21,680.02,623.84,680.08,580.58,681.97,566.78,682.58
791.89,110.54,787.43,105.12,764.74,77.537,751.13,61.001,740.05,47.53,722.96,26.752,720.47,23.727,718.72,21.605,715.39,17.552,710.34,11.418,709.17,10,683.65,41.024,669.37,58.387,668.73,59.154,660.09,69.656,657.98,72.224,646.74,85.887,636.37,98.491,636.31,98.57,631.72,104.14,592.85,151.39,579.19,168,573.93,174.39,571.16,177.75,526.58,231.95,462.05,310.37,461.59,310.93,442.94,333.61,439.43,337.87,394.44,392.56,390.25,397.64,384.44,404.71,377.98,412.56,375.98,414.99,379.05,425.39,404.38,511.21,408.79,526.17,394.06,580.03,371.1,664.01,358.53,709.95,344.54,761.14,343.49,764.96,323.63,837.6,290.65,958.21,290.3,959.47,285.05,978.67,281.95,990,270.11,946.71,257.18,899.42,254.25,888.68,209.6,725.42,207.89,719.15,204.26,705.87,195.29,673.08,175.91,602.23,173.11,591.96,161.97,551.22,146.45,494.47,116.52,385.02,115.19,380.16,87.225,277.9,70.805,217.85,63.501,191.14,54.877,159.61,54.385,157.81,48.978,138.03,36.678,93.053,34.168,83.877,28.751,64.067,23.097,43.39,13.966,10,10,24.504,13.358,36.782,35.157,116.5,48.467,165.17,55.959,192.57,74.41,260.04,79.327,278.03,104.12,295.49,116.87,304.47,122.49,308.42,153.32,330.14,163.22,337.11,178.08,347.57,236.67,388.84,270.24,412.48,314.99,444,335.22,458.25,436.04,529.25,468.21,551.9,495.43,571.08,507.21,579.37,569.69,623.37,584.58,633.86,602.1,646.2,625.93,662.98,644.63,676.15,673.23,696.29,678.77,700.19,682.01,702.48,716.8,726.98,742.21,744.88,782.86,773.51,788.2,777.26,831.35,807.65,834.89,810.14,890.06,849,909.37,862.6,921.99,871.49,990,919.38,940.11,954.52,936.55,957.02,935.46,957.8,931.2,960.8,927.06,963.71,921.91,967.34,905.21,979.1,889.73,990,850.61,962.45,704.25,859.37,663.98,831.01,666.79,829.21,685.57,817.16,712.05,800.16,717.37,796.74,721.08,794.36,732.8,786.84,783.59,754.24,795.27,746.74,798.09,744.93,799.66,743.93,818.08,732.1,819.27,731.34,827.13,726.29,833.19,722.4,839.48,718.36,862.74,703.44,863.28,703.09,866.96,700.72,896.89,681.52,921.98,665.41,928.8,661.04,940.31,653.65,944.1,651.21,959.82,641.12,982.73,626.42,988.2,622.9,990,621.75,949.59,595.81,941.45,590.59,914.69,573.41,913.08,572.38,900.15,564.08,898.71,563.16,882.12,552.51,880.72,551.61,875.54,548.29,875.29,548.12,870.75,545.21,848.41,530.87,840.99,526.11,840.93,526.07,831.32,519.9,812.81,508.02,798.27,498.69,788.45,492.39,779.8,486.83,776.48,484.7,766.19,478.1,762.19,475.53,747.28,465.96,695.99,433.04,689.97,429.18,687.1,427.33,669.34,415.93,662.32,411.42,653.27,405.61,650.61,403.91,646.02,400.97,614,380.41,602.21,372.84,580.69,359.03,554.17,342.01,520.85,320.62,517.41,318.42,506.38,311.33,501.95,308.49,481.41,295.31,464.12,284.21,472.97,295.4,479.18,303.27,480.48,304.92,495.2,323.54,499.1,328.47,502.35,332.6,503.25,333.73,535.92,375.08,538.65,378.53,541.74,382.45,547.98,390.35,551.52,394.82,551.65,394.99,565.55,412.58,571.5,420.11,575.68,425.4,575.7,425.43,581.64,432.95,589.45,442.82,599.1,455.04,599.75,455.87,601.46,458.04,602.8,459.72,614.75,474.85,619.19,480.47,629.76,493.85,632.8,497.69,633.6,498.71,636.13,501.91,636.61,502.52,640.93,507.98,646.49,515.02,646.74,515.33,654.15,524.72,656.08,527.16,683.76,562.19,687.49,566.91,687.79,567.3,689.26,569.15,689.97,570.05,599.77,593.45,571.02,600.9
462.06,748.61,472.73,757.35,527,801.83,559.54,828.49,586.05,850.22,626.94,883.72,632.89,888.6,637.07,892.02,645.04,898.56,657.11,908.45,659.9,910.74,720.95,960.76,755.12,988.76,756.63,990,777.29,973.07,782.35,968.92,809.23,946.89,834.03,926.57,834.19,926.44,845.15,917.46,938.13,841.26,970.81,814.48,983.39,804.18,990,798.76,883.36,711.37,729.03,584.9,727.93,584,683.31,547.43,674.92,540.56,567.31,452.37,557.3,444.17,543.4,432.78,527.94,420.11,523.16,416.2,511.34,406.51,413.79,326.57,396.78,312.63,350.74,274.9,278.96,216.07,239.69,183.9,195.94,148.04,192.67,145.36,130.58,94.481,27.484,10,26.407,10.883,10,24.328,19.687,32.266,56.691,62.59,97.115,95.716,106.3,103.24,245.84,217.6,251.2,221.98,262.55,231.29,290.58,254.26,351.14,303.89,359.92,311.08,394.74,339.62,443.25,379.36,536.8,456.03,540.96,459.43,628.37,531.07,679.7,573.13,702.53,591.83,729.48,613.92,731.02,615.18,747.92,629.04,786.37,660.54,794.21,666.97,811.15,680.85,828.82,695.33,857.36,718.72,869.76,728.88,880.25,737.48,948.39,793.32,990,827.41,966.58,846.6,908.91,893.87,893.54,906.46,859.39,934.45,841.82,948.84,834.08,955.18,791.6,990,777.96,978.82,760.89,990,693.54,945.91,654.95,920.64,603.51,886.96,580.26,871.74,464.38,795.87,427.4,771.66,396.11,751.18,382.57,742.31,310.75,695.29,293.64,684.09,273.51,670.91,246.11,652.97,224.62,638.9,191.75,617.38,185.38,613.21,181.66,610.77,141.67,584.59,112.45,565.46,65.729,534.87,59.593,530.86,10,498.39,14.069,495.72,77.484,454.2,99.674,439.68,114.18,430.18,192.36,378.99,249.7,341.45,253.79,338.78,255.05,337.95,259.95,334.74,264.7,331.63,270.62,327.75,289.81,315.19,307.61,303.54,352.58,274.1,520.81,163.96,567.09,133.65,574.79,128.61,626.33,94.866,699,47.288,713.62,37.721,723.8,31.057,755.96,10,895.35,101.26,927.4,122.25,935.14,127.31,939.45,130.13,990,163.23,986.73,165.37,965.16,179.5,948.52,190.39,931.26,201.69,867.44,243.47,865.94,244.45,855.84,251.07,773.71,304.84,704.86,349.91,686.15,362.17,654.55,382.85,644.14,389.67,601.01,417.91,538.13,459.07,523.1,468.91,518.18,472.14,407.27,544.75,384.93,559.38,311.5,607.45,307.07,610.35,271.6,633.57,267.64,636.17,222.12,665.97,219.64,666.63,210.48,669.07,210.03,669.19,202,671.33,162.5,681.86,149.38,685.36,149.27,685.39,132.26,689.92,99.538,698.65,73.816,705.51,56.457,710.13,41.151,714.21,35.274,715.78,17.087,720.63,10,722.52,36.372,729.55,127.07,753.73,137.72,756.57,142.8,757.92,174.21,766.3,186.63,769.61,202.64,773.87,207.33,775.12,215.45,777.29,272.09,792.39,292.94,797.95,331,808.09,377.9,820.6,436.83,836.31,442.91,837.93,462.42,843.13,470.25,845.22,506.58,854.9,537.16,863.05,562.36,869.77,580.08,874.5,583.78,875.48,625.72,886.66,636.83,889.63,646.12,892.1,648.66,892.78,741.77,917.6,749.55,919.68,758.37,922.03,776.16,926.77,786.23,929.46,786.61,929.56,826.23,940.12,843.19,944.64,855.1,947.81,855.16,947.83,872.09,952.34,899.87,990,934.24,943.42,936.59,940.24,942.68,931.99,947.43,925.55,990,867.86,974.2,846.44,936.55,795.42,925.73,780.75,922.87,776.87,913.88,764.69,912.05,762.96,895.71,747.43,874.65,727.42,873.69,726.52,845.62,699.84,838.31,692.9,733.47,593.31,719.35,579.9,718.2,578.81,712.64,573.53,709.95,570.97,737.28,494.97,746,470.74
708.16,216.94,700.41,226.82,660.96,277.09,637.31,307.23,618.05,331.78,588.33,369.65,584.01,375.17,580.97,379.04,575.18,386.42,566.4,397.6,564.38,400.19,520.01,456.73,495.18,488.38,494.08,489.78,479.06,508.92,475.39,513.6,455.85,538.5,437.82,561.47,437.71,561.62,429.74,571.77,362.17,657.89,338.42,688.16,329.28,699.81,324.47,705.93,246.97,804.71,134.81,947.65,134.01,948.67,101.58,990,95.487,982.23,17.275,882.56,10,873.28,20.102,860.41,31.337,846.09,34.807,841.67,43.398,830.72,114.3,740.36,126.66,724.61,160.12,681.97,212.29,615.48,240.82,579.11,272.62,538.58,275,535.55,320.13,478.04,395.05,382.56,395.83,381.56,407.76,366.36,414.8,357.39,441.69,323.11,471.07,285.67,477.74,277.17,579.16,147.92,583.05,142.96,591.3,132.44,611.67,106.48,655.69,50.384,662.07,42.254,687.37,10,722.63,54.927,790.62,141.58,793.64,145.43,857.16,226.39,894.47,273.93,911.06,295.08,930.65,320.04,931.77,321.47,944.05,337.12,971.99,372.74,977.69,380,990,395.68,977.15,412.05,956.41,438.49,947.4,449.97,939.78,459.69,890.25,522.81,860.02,561.34,843,583.03,801.08,636.45,789.91,650.69,765.09,682.32,765.75,688.06,766.04,690.58,767.65,704.45,768.16,708.91,768.93,715.59,771.98,741.94,773.72,757.04,776.05,777.17,777.1,786.27,782.34,831.61,784.01,846.08,785.43,858.32,786.04,863.62,789.29,891.72,790.06,898.42,790.97,906.3,792.21,917.01,793.19,925.43,794.67,938.29,794.96,940.78,795.13,942.24,796.94,957.89,798.26,969.32,800.37,987.6,800.65,990,802.89,970.59,803.07,969,805.94,944.19,806.95,935.51,807.6,929.83,811.14,899.24,813.73,876.8,813.91,875.2,813.97,874.71,814.19,872.79,814.41,870.93,814.68,868.61,815.54,861.11,816.35,854.14,818.38,836.55,825.99,770.72,828.08,752.61,828.43,749.59,830.76,729.43,834.05,700.99,834.71,695.27,835.17,691.29,836.62,678.7,842.93,624.16,844.38,611.62,844.73,608.59,844.92,606.91,847.21,587.12,847.35,585.85,848.33,577.4,849.08,570.89,849.86,564.14,852.75,539.17,852.82,538.58,853.27,534.63,856.99,502.49,860.1,475.55,860.95,468.23,862.38,455.86,862.85,451.79,864.8,434.91,867.64,410.31,868.32,404.43,868.54,402.5,873.56,359.1,874.57,350.36,877.89,321.63,878.09,319.9,879.69,306.02,879.87,304.47,881.93,286.66,882.11,285.15,882.75,279.59,882.78,279.32,883.34,274.44,886.12,250.45,887.04,242.49,887.04,242.42,888.24,232.1,890.53,212.23,892.34,196.61,893.56,186.07,894.63,176.77,895.04,173.21,860.9,160.68,847.59,155.81,798.08,137.65,627.79,75.206,607.8,67.876,599.95,67.066,551.42,62.055,532.24,60.074,507.51,57.52,497.99,59.624,481.5,63.266,366.47,88.682,352.01,60.83,325.62,10,293.1,72.647,252.25,151.35,248.03,159.48,234.5,185.54,229.08,196,203.89,244.52,182.69,285.36,165.21,319.02,152.93,342.69,150.36,347.63,121.29,403.64,113.59,418.48,107.15,430.89,105.38,434.28,40.824,558.66,35.43,569.05,29.317,580.82,16.982,604.59,10,618.04,10.263,618.54,37.728,671.45,49.488,694.11,57.746,710.02,57.786,710.09,69.525,732.71,84.942,762.41,104.01,799.14,105.31,801.65,108.69,808.16,111.33,813.24,134.95,858.74,143.71,875.63,164.6,915.88,170.61,927.44,172.2,930.5,177.18,940.11,178.13,941.94,186.66,958.37,205.15,951.4,205.99,951.08,230.65,941.77,237.06,939.35,329.11,904.6,341.51,899.92,342.52,899.54,347.4,897.7,349.77,896.81,424.77,868.49,448.68,859.47
887.66,222.55,893.26,216.02,921.73,182.79,938.81,162.87,952.72,146.64,974.17,121.61,977.29,117.96,979.48,115.41,983.67,110.52,990,103.13,988.54,101.42,956.5,64.049,938.58,43.131,937.79,42.206,926.94,29.554,924.29,26.46,910.18,10,897.17,25.185,897.09,25.28,891.34,31.992,862.55,75.163,852.43,90.338,848.54,96.177,846.49,99.248,813.48,148.77,765.7,220.42,765.36,220.93,751.54,241.65,748.95,245.54,715.63,295.51,712.53,300.16,708.23,306.62,703.44,313.79,701.96,316.01,698.3,321.5,668.1,366.8,662.84,374.69,648.58,396.07,626.36,429.4,614.2,447.63,600.65,467.95,599.64,469.47,580.42,498.3,548.5,546.17,548.17,546.67,543.09,554.28,540.09,558.78,528.63,575.96,516.12,594.73,513.28,599,470.07,663.79,468.41,666.28,464.9,671.55,456.22,684.56,437.47,712.68,434.75,716.76,423.97,732.93,408.96,755.45,379.99,798.89,378.71,800.82,351.64,841.41,335.75,865.24,328.68,875.84,320.34,888.35,319.86,889.07,314.63,896.92,302.73,914.77,300.3,918.41,295.06,926.27,289.58,934.48,280.75,947.73,276.91,953.49,273.66,958.36,252.56,990,239.68,970.68,232.43,959.81,214.58,933.03,209.82,925.89,199.25,910.03,193.81,901.88,191.41,898.28,178.26,878.56,174.04,872.23,167.7,862.73,142.71,825.25,128.39,803.77,109.31,775.14,100.68,762.2,57.677,697.71,10,661.85,50.352,631.51,67.813,618.37,160.42,548.72,182.49,532.12,208.45,512.6,243.77,486.03,271.49,465.18,313.88,433.3,322.09,427.12,326.89,423.51,378.46,384.72,416.13,356.39,476.38,311.08,484.29,305.12,548.24,257.03,553.49,253.08,635.27,191.57,663.88,170.05,682.59,155.98,783.4,80.162,857.34,24.548,862.61,20.581,864.24,19.356,870.55,14.608,876.68,10,884.32,15.747,909.06,34.357,932.01,51.618,990,95.231,773.07,258.39,713.38,303.28,703.45,310.75,636.99,360.74,543.28,431.22,524.44,445.39,511.31,455.27,469.84,486.46,290.09,621.66,248.76,652.74,238.78,660.24,233.23,664.42,168.04,713.45,163.82,716.62,136,737.55,114.55,753.68,92.291,770.42,10,832.32,11.934,833.77,24.965,843.57,130.87,923.22,219.65,990,243.78,971.85,284.53,941.2,297.95,931.11,353.57,889.27,434.65,828.29,454.03,813.72,460.38,808.94,603.4,701.37,632.2,679.71,726.9,608.49,732.61,604.19,784.05,627.16,789.79,629.72,855.81,659.2,861.39,661.69,882.02,670.9,883.02,671.35,901.1,679.42,990,719.12,960.47,732.3,960.23,732.41,921.95,749.5,848.3,782.38,790.41,808.23,751.34,825.67,716.9,841.06,703.67,846.96,662.74,865.24,646.79,872.36,587.44,898.86,383.31,990,359.35,979.3,347.91,974.19,277.21,942.63,249.27,930.15,213.24,914.06,202.68,909.35,184.41,901.19,56.931,844.27,10,823.32,95.648,785.08,201.21,737.95,333.83,678.73,347.51,672.62,391.43,653.01,409.05,645.15,490.81,608.64,559.63,577.91,616.35,552.59,656.23,534.78,664.55,531.07,758.93,488.93,783.94,477.76,804.84,468.43,810.56,465.87,990,351.61,975.01,342.06,958.02,331.24,923.74,309.41,904.33,297.05,903.6,296.59,827.26,247.98,794.58,227.16,771.63,212.55,771.51,212.48,738.89,191.7,696.04,164.41,643.04,130.66,647.2,132.91,657.97,138.73,666.37,143.27,741.71,183.96,769.67,199.06,836.29,235.06,855.44,245.4,860.51,248.14,876.41,256.73,879.45,258.37,906.65,273.06,941.69,291.99,943.28,292.85,990,318.08,977.84,324.65,803.39,418.88,779.9,431.57,777.99,432.6,768.74,437.6,764.26,440.02,622.12,516.8,576.8,541.28
